Nationality;Country_of_Residence;Date_of_birth;Unique_Trader_id;Amount;Currency;Unique_Stock_ID;First_Name;Last_Name
AD;AD;4101970;4996;25592.91;EUR;41;SELL;First56;Last56
AE;AE;21101955;9681;38931.50;AED;32;BUY;First39;Last39
AF;AF;8051975;3881;41535.78;AFN;80;BUY;First52;Last52
AG;AG;4081955;5969;60336.31;XCD;49;SELL;First60;Last60
AI;AI;26071958;9432;51072.07;XCD;715;SELL;First58;Last58
AL;AL;30111960;2934;95317.97;ALL;251;BUY;First53;Last53
AM;AM;22011971;3547;96237.46;AMD;414;SELL;First62;Last62
AO;AO;9011980;4220;4678.16;AOA;366;SELL;First57;Last57
AQ;AQ;30101970;342;90060.18;XCD;147;SELL;First59;Last59
AR;AR;7111976;7022;26998.45;ARS;767;SELL;First61;Last61
AS;AS;5021975;3471;26865.90;USD;671;BUY;First55;Last55
AT;AT;28051956;5252;8386.34;EUR;551;SELL;First65;Last65
AU;AU;7101959;1087;68152.20;AUD;580;SELL;First64;Last64
AW;AW;1071960;1103;19143.15;AWG;571;SELL;First63;Last63
AX;AX;19121960;2022;93065.53;EUR;817;BUY;First51;Last51
AZ;AZ;6031978;9569;30961.32;AZN;638;SELL;First66;Last66
BA;BA;4011955;104;29437.96;BAM;260;BUY;First78;Last78
BB;BB;18031968;4324;75433.93;BBD;6;SELL;First70;Last70
BD;BD;4021956;4338;85199.67;BDT;382;SELL;First69;Last69
BE;BE;6021965;5375;7661.33;EUR;218;SELL;First72;Last72
BF;BF;26081978;2642;89571.57;XOF;753;BUY;First86;Last86
BG;BG;14011978;1195;49678.04;BGN;513;BUY;First85;Last85
BH;BH;30031972;3932;92741.36;BHD;257;SELL;First68;Last68
BI;BI;15011958;8387;9558.70;BIF;32;BUY;First87;Last87
BJ;BJ;12041972;8952;4789.36;XOF;561;SELL;First74;Last74
BL;BL;27111973;9694;4338.66;EUR;80;BUY;First4;Last4
BM;BM;8031964;1048;16751.35;BMD;609;BUY;First75;Last75
BN;BN;14061956;266;89596.76;BND;434;BUY;First84;Last84
BO;BO;3041959;2626;30951.74;BOB;898;BUY;First77;Last77
BQ;BQ;25111971;8016;37266.24;USD;642;SELL;First92;Last92
BR;BR;25031970;380;92390.13;BRL;443;BUY;First81;Last81
BS;BS;28021965;1099;61878.95;BSD;378;SELL;First67;Last67
BT;BT;1021968;7547;96467.87;INR;465;BUY;First76;Last76
BV;BV;6011972;7327;83594.23;BWP;757;BUY;First80;Last80
BW;BW;23031969;6187;54560.43;BWP;132;BUY;First79;Last79
BY;BY;23031958;1414;700.14;BYR;231;SELL;First71;Last71
BZ;BZ;1121963;9738;50563.55;BZD;497;SELL;First73;Last73
CA;CA;16041978;3633;68924.77;CAD;407;SELL;First90;Last90
CC;CC;27091963;8576;53828.84;CNY;817;SELL;First99;Last99
CD;CD;13021957;1350;74277;XAF;817;SELL;First103;Last103
CF;CF;24101971;3706;36154.30;XAF;106;SELL;First94;Last94
CG;CG;12061966;556;13963.74;XAF;160;SELL;First102;Last102
CH;CH;8051975;8749;48621.86;CHF;580;BUY;First16;Last16
CI;CI;23061972;5407;62800.04;XOF;414;SELL;Fname53;Lname53
CI;CI;28051955;7522;81168;XOF;147;BUY;First111;Last111
CK;CK;7091960;5757;74845.46;NZD;671;BUY;Fname46;Lname46
CK;CK;12041955;3394;40662;NZD;80;SELL;First104;Last104
CL;CL;15031955;2850;93136.27;CLP;272;SELL;First96;Last96
CM;CM;14061970;1995;56281.97;XAF;628;SELL;First89;Last89
CN;CN;16071965;3265;41443.97;CNY;574;SELL;First97;Last97
CO;CO;28041978;5152;10978.02;COP;80;SELL;First100;Last100
CR;CR;16121976;6097;56595.73;CRC;41;BUY;Fname47;Lname47
CR;CR;31031972;4632;81404;CRC;251;SELL;First105;Last105
CU;CU;13081967;2299;20357.89;CUP;715;BUY;Fname49;Lname49
CU;CU;26051976;7328;63940;CUP;671;BUY;First107;Last107
CV;CV;12111961;5350;31910.55;CVE;170;SELL;First91;Last91
CW;CW;3061962;6043;80618.76;ANG;147;BUY;Fname50;Lname50
CW;CW;27011971;5797;10537;ANG;41;BUY;First108;Last108
CX;CX;7031965;5231;91385.68;CNY;330;SELL;First98;Last98
CY;CY;10051968;9027;92059.22;EUR;49;SELL;Fname51;Lname51
CY;CY;17041975;1086;21043;EUR;366;BUY;First109;Last109
CZ;CZ;30071971;7748;68125.31;;767;SELL;Fname52;Lname52
CZ;CZ;4051961;2865;23659;EUR;715;BUY;First110;Last110
DE;DE;15021962;6167;77996.46;EUR;513;SELL;Fname76;Lname76
DE;DE;15021962;6167;55422.21;EUR;753;SELL;Fname76;Lname76
DE;DE;15021962;6167;37469.97;EUR;32;SELL;Fname76;Lname76
DE;DE;15021962;6167;25803.35;EUR;395;SELL;Fname76;Lname76
DE;DE;15021962;6167;79998.55;EUR;628;SELL;Fname76;Lname76
DE;DE;15021962;6167;51014.09;EUR;407;SELL;Fname76;Lname76
DE;DE;15021962;6167;23283.93;EUR;170;SELL;Fname82;Lname82
DE;DE;9121974;9060;39140;EUR;484;SELL;First134;Last134
DI;DI;22081972;2695;89230;MOP;132;BUY;First179;Last179
DJ;DJ;11081966;337;51092.62;DJF;580;SELL;Fname55;Lname55
DJ;DJ;2071967;7571;9662;DJF;767;BUY;First113;Last113
DK;DK;17031965;6096;22536.14;DKK;571;SELL;Fname54;Lname54
DK;DK;25011976;7633;8061;DKK;49;BUY;First112;Last112
DM;DM;6031963;9974;37384.15;XCD;551;SELL;Fname56;Lname56
DM;DM;22041974;9358;93337;XCD;414;BUY;First114;Last114
DO;DO;24061955;6577;14370.65;DOP;638;SELL;Fname57;Lname57
DZ;DZ;13061978;7042;78123.97;DZD;160;BUY;First54;Last54
EC;EC;17041974;5460;13797.22;USD;378;SELL;Fname58;Lname58
EC;EC;8121975;4499;63552;USD;580;BUY;First116;Last116
EE;EE;12031961;3847;84618.71;EUR;218;SELL;Fname63;Lname63
EE;EE;8011974;3252;15249;EUR;382;BUY;First121;Last121
EG;EG;28041959;2618;46936.68;EGP;257;SELL;Fname59;Lname59
EG;EG;28021964;6221;7941;EGP;551;BUY;First117;Last117
EH;EH;6091978;1234;73549.89;MAD;594;BUY;First47;Last47
ER;ER;2021965;7376;94114.96;ERN;231;SELL;Fname62;Lname62
ER;ER;20121968;9717;62588;ERN;257;BUY;First120;Last120
ES;ES;9071973;9400;80988.49;EUR;160;BUY;First2;Last2
ET;ET;31121967;2419;17400.98;ETB;497;SELL;Fname64;Lname64
ET;ET;3051955;3632;2488;ETB;6;BUY;First122;Last122
FI;FI;27101979;1868;76260.70;EUR;898;SELL;Fname68;Lname68
FI;FI;19051976;8597;17842;EUR;561;BUY;First126;Last126
FJ;FJ;20041968;3039;4084.31;FJD;465;SELL;Fname67;Lname67
FJ;FJ;25021970;2534;39435;FJD;497;BUY;First125;Last125
FK;FK;3081958;6267;77469.07;FKP;561;SELL;Fname65;Lname65
FK;FK;20071966;4217;80677;FKP;231;BUY;First123;Last123
FM;FM;2011973;3857;30271.54;USD;642;SELL;Fname135;Lname135
FM;FM;9051975;111;80952;USD;128;BUY;First193;Last193
FO;FO;8101974;4365;79083.28;FKP;609;SELL;Fname66;Lname66
FO;FO;25041975;8506;27222;FKP;218;BUY;First124;Last124
FR;FR;21011955;5558;7378.34;EUR;260;SELL;Fname69;Lname69
FR;FR;13101966;51;80170;DOP;571;BUY;First115;Last115
GA;GA;30031955;9850;98329.13;XAF;484;SELL;Fname73;Lname73
GA;GA;24071971;3811;10384;XAF;132;SELL;First131;Last131
GB;GB;13011963;5253;54620.58;GBP;840;BUY;First35;Last35
GD;GD;27041960;5857;97356;XCD;32;SELL;First139;Last139
GE;GE;5071971;1220;80287.47;GEL;434;SELL;Fname75;Lname75
GE;GE;14071958;7109;6851;GEL;443;SELL;First133;Last133
GF;GF;30011960;1790;87709.29;EUR;132;SELL;Fname70;Lname70
GF;GF;23011974;6054;80757;EUR;465;;First128;Last128
GG;GG;17051977;9048;49667.35;GBP;106;SELL;Fname85;Lname85
GG;GG;2071971;2523;84255;GBP;170;SELL;First143;Last143
GH;GH;14091978;9776;87495;GHS;840;SELL;First135;Last135
GI;GI;19011958;9838;83213;GIP;434;SELL;First136;Last136
GL;GL;28121960;5896;12744;DKK;753;SELL;First138;Last138
GM;GM;5061978;4725;770.41;GMD;840;SELL;Fname74;Lname74
GM;GM;19041963;457;79274;GMD;757;SELL;First132;Last132
GN;GN;16051969;552;42557.08;GNF;594;SELL;Fname86;Lname86
GN;GN;4111976;2581;53474;GNF;642;SELL;First144;Last144
GP;GP;21021976;6406;74930;EUR;395;SELL;First140;Last140
GQ;GQ;14041970;9489;92326.24;XAF;6;SELL;Fname61;Lname61
GQ;GQ;2021977;3556;4209;XAF;378;BUY;First119;Last119
GR;GR;24041956;5929;1193;EUR;513;SELL;First137;Last137
GS;GS;4091966;7431;70107.05;ZAR;817;BUY;Fname190;Lname190
GT;GT;27011961;485;32780.76;GTQ;128;SELL;Fname84;Lname84
GT;GT;27091970;4991;87823;GTQ;407;SELL;First142;Last142
GU;GU;15031972;708;57350.11;USD;642;SELL;Fname83;Lname83
GU;GU;25041961;4674;98711;USD;628;SELL;First141;Last141
GW;GW;26031971;6915;85052.87;XOF;272;SELL;Fname87;Lname87
GW;GW;6121975;4955;84772;XOF;128;SELL;First145;Last145
GY;GY;9041961;2401;53426.09;GYD;574;SELL;Fname88;Lname88
GY;GY;14111957;3968;56089;GYD;106;SELL;First146;Last146
HK;HK;28061967;3791;94936.53;HNL;251;BUY;Fname92;Lname92
HK;HK;10071964;8774;59664;HNL;330;SELL;First150;Last150
HM;HM;21011966;770;37357.70;USD;817;BUY;Fname90;Lname90
HM;HM;7071955;6139;93222;USD;272;SELL;First148;Last148
HN;HN;6061955;4122;53009.61;HNL;80;BUY;Fname91;Lname91
HN;HN;24051966;9125;13070;HNL;574;SELL;First149;Last149
HR;HR;17061966;1068;926.42;HRK;366;BUY;Fname48;Lname48
HR;HR;24101963;1547;50180;HRK;160;BUY;First106;Last106
HT;HT;5091971;964;73220.00;USD;330;BUY;Fname89;Lname89
HT;HT;5081956;5810;2477;USD;594;SELL;First147;Last147
HU;HU;23051963;2346;15910.55;HUF;160;BUY;Fname93;Lname93
HU;HU;6101958;9264;29848;HUF;817;SELL;First151;Last151
ID;ID;6031974;3151;38088.28;IDR;251;BUY;Fname96;Lname96
ID;ID;20121961;9945;41210;IDR;160;BUY;First154;Last154
IE;IE;10011962;7775;68749;EUR;366;BUY;First157;Last157
IL;IL;6071962;9807;86698;ILS;147;BUY;First159;Last159
IM;IM;13091972;8318;94790;GBP;715;BUY;First158;Last158
IN;IN;27101966;8398;149.50;INR;80;SELL;Fname44;Lname44
IN;IN;27101967;8398;65649.80;INR;80;SELL;Fname44;Lname44
IN;IN;27101968;8398;77849.30;INR;80;BUY;Fname44;Lname44
IN;IN;27101967;8398;7559149;INR;80;SELL;Fname44;Lname44
IN;IN;27101962;8398;59149.50;INR;80;BUY;Fname95;Lname95
IN;IN;10011963;4349;82897;INR;251;BUY;First153;Last153
IN;IN;27101965;8398;2139.50;INR;80;BUY;Fname44;Lname44
IN;IN;27101966;8398;54349.50;INR;80;SELL;Fname44;Lname44
IN;IN;27101967;8398;3244.50;INR;80;SELL;Fname44;Lname44
IN;IN;27101968;8398;3442;INR;80;BUY;Fname44;Lname44
IN;IN;27101967;8398;5910;INR;80;SELL;Fname44;Lname44
IN;IN;27101965;8398;9149.60;INR;80;BUY;Fname44;Lname44
IO;IO;23051967;2987;80707.40;BRL;484;BUY;First82;Last82
IQ;IQ;15111960;187;4381;IQD;41;BUY;First156;Last156
IR;IR;1111963;5620;86531.23;IRR;160;BUY;Fname97;Lname97
IR;IR;1111963;5620;56989.07;IRR;671;BUY;Fname97;Lname97
IR;IR;1111963;5620;99348.19;IRR;41;BUY;Fname97;Lname97
IR;IR;1111963;5620;43264.39;IRR;366;SELL;Fname97;Lname97
IR;IR;1111963;5620;74681.58;IRR;715;SELL;Fname97;Lname97
IR;IR;1111963;5620;77822.51;IRR;147;SELL;Fname97;Lname97
IR;IR;1111963;5620;65522.64;IRR;49;SELL;Fname97;Lname97
IR;IR;1111963;5620;74397.77;IRR;767;SELL;Fname97;Lname97
IR;IR;1111963;5620;83331.24;IRR;414;SELL;Fname97;Lname97
IR;IR;1111963;5620;37373.51;IRR;571;BUY;Fname97;Lname97
IR;IR;1111963;5620;1585.85;IRR;580;BUY;Fname97;Lname97
IR;IR;1111963;5620;47687.32;IRR;551;BUY;Fname97;Lname97
IR;IR;2091958;1253;71019;IRR;671;BUY;First155;Last155
IS;IS;30071957;1650;69237.17;ISK;817;BUY;Fname94;Lname94
IS;IS;9111961;744;14060;ISK;80;BUY;First152;Last152
IT;IT;27101955;228;22620;EUR;49;BUY;First160;Last160
JE;JE;3061976;5913;94657;GBP;571;SELL;First163;Last163
JM;JM;5011960;7576;22741;JMD;767;BUY;First161;Last161
JO;JO;16121973;8276;48053;JOD;580;SELL;First164;Last164
JP;JP;15061966;9423;87528;JPY;414;SELL;First162;Last162
KE;KE;14071975;9814;92415;KES;638;SELL;First166;Last166
KG;KG;30031964;5578;96991.86;KGS;257;BUY;Fname111;Lname111
KG;KG;26021978;6760;51709;KGS;382;SELL;First169;Last169
KH;KH;18121966;4962;15439.18;KHR;395;BUY;First88;Last88
KI;KI;23071961;6929;43707.09;AUD;638;BUY;Fname109;Lname109
KI;KI;8051964;5418;98916;AUD;378;SELL;First167;Last167
KM;KM;25011971;5406;12207.05;KMF;251;SELL;First101;Last101
KN;KN;27031958;5747;81020.85;XCD;160;BUY;First6;Last6
KP;KP;18071978;2433;65288.16;KPW;580;BUY;Fname23;Lname23
KP;KP;18071978;2433;65288.16;KPW;580;BUY;Fname155;Lname155
KR;KR;26051976;3639;14742.47;KRW;80;BUY;Fname191;Lname191
KW;KW;4121956;648;180.47;KWD;378;BUY;Fname110;Lname110
KW;KW;2021978;9519;17498;KWD;257;SELL;First168;Last168
KY;KY;30011978;7849;26720.92;KYD;128;SELL;First93;Last93
